"Corpus","Source","Size","Origine"
"0001_vc_runtimeAdditional_x64.msi","C:\ProgramData\Package Cache\{010792BA-551A-3AC0-A7EF-0FAB4156C382}v12.0.40664\packages\vcRuntimeAdditional_amd64\vc_runtimeAdditional_x64.msi","143360","PackageCache"
"0002_d45d102bc897d4bc714fd0ee5832cfb7-x64.msi","C:\ProgramData\Package Cache\{01567F58-B04E-49BD-B61A-AC314772F797}v81.180.53633\d45d102bc897d4bc714fd0ee5832cfb7-x64.msi","651264","PackageCache"
"0003_vcredist_x64.exe","C:\ProgramData\Package Cache\{042d26ef-3dbe-4c25-95d3-4c1b11b235a7}\vcredist_x64.exe","465992","PackageCache"
"0004_vcredist_x64.exe","C:\ProgramData\Package Cache\{050d4fc8-5d48-4b8f-8972-47c82c46020f}\vcredist_x64.exe","461400","PackageCache"
"0005_windowsdesktop-runtime-6.0.36-win-x64.exe","C:\ProgramData\Package Cache\{0532b8f2-12d7-43de-95fc-7b87006758a8}\windowsdesktop-runtime-6.0.36-win-x64.exe","622712","PackageCache"
"0006_SetupChipsetx64.msi","C:\ProgramData\Package Cache\{06D713D6-9845-436D-B857-5BF2596B4554}v10.1.18634.8254\SetupChipsetx64.msi","495616","PackageCache"
"0007_Universal CRT Tools x64-x64_en-us.msi","C:\ProgramData\Package Cache\{099178C3-9374-7477-8D34-B28BC8FC5488}v10.1.19041.5609\Installers\Universal CRT Tools x64-x64_en-us.msi","450560","PackageCache"
"0008_Windows SDK Desktop Tools x86-x86_en-us.msi","C:\ProgramData\Package Cache\{0A2BCE78-63A3-9F82-AD76-17C310B3EAEF}v10.1.19041.5609\Installers\Windows SDK Desktop Tools x86-x86_en-us.msi","475136","PackageCache"
"0009_43e5e451d3085d07bf06084e1f6014a7-x64.msi","C:\ProgramData\Package Cache\{0A5ABEFB-1038-4F63-9B66-7D528B00744C}v81.180.53633\43e5e451d3085d07bf06084e1f6014a7-x64.msi","638976","PackageCache"
"0010_test.msi","C:\ProgramData\Package Cache\{0A9B38A7-D393-44A5-A94E-9FEC927DC39C}v3.12.150.0\test.msi","5517312","PackageCache"
"0011_WinRT Intellisense Mobile - en-us-x86_en-us.msi","C:\ProgramData\Package Cache\{0C75EFBC-6D0C-7516-AE74-4F9FADE79EA2}v10.1.19041.5609\Installers\WinRT Intellisense Mobile - en-us-x86_en-us.msi","454656","PackageCache"
"0012_lib.msi","C:\ProgramData\Package Cache\{0DC6C3A0-5CF6-46F6-B639-80DA74882478}v3.12.5150.0\lib.msi","7401472","PackageCache"
"0013_VC_redist.x64.exe","C:\ProgramData\Package Cache\{0e3bb569-69d6-4c34-bff9-c2f81db5e5f0}\VC_redist.x64.exe","630000","PackageCache"
"0014_aspnetcore-runtime-10.0.9-win-x64.msi","C:\ProgramData\Package Cache\{1124498E-0B68-4403-B79A-5689EC80BB8F}v80.36.53633\aspnetcore-runtime-10.0.9-win-x64.msi","10944512","PackageCache"
"0015_Windows IoT Extension SDK-x86_en-us.msi","C:\ProgramData\Package Cache\{12A505CB-AA40-378D-854F-E2CF6A7FF75F}v10.1.19041.5609\Installers\Windows IoT Extension SDK-x86_en-us.msi","446464","PackageCache"
"0016_lib.msi","C:\ProgramData\Package Cache\{14BBD330-AA3F-4F7A-8A39-DFB28AECFA82}v3.12.150.0\lib.msi","7614464","PackageCache"
"0017_Windows Desktop Extension SDK-x86_en-us.msi","C:\ProgramData\Package Cache\{16E355AC-58E7-65EE-794A-96ACB540AEA1}v10.1.19041.5609\Installers\Windows Desktop Extension SDK-x86_en-us.msi","450560","PackageCache"
"0018_WinRT Intellisense UAP - en-us-x86_en-us.msi","C:\ProgramData\Package Cache\{17FAE644-5409-EA4F-91AE-B4F213FB087B}v10.1.19041.5609\Installers\WinRT Intellisense UAP - en-us-x86_en-us.msi","479232","PackageCache"
"0019_core.msi","C:\ProgramData\Package Cache\{1BB43BDF-D9E8-487A-B743-CA10AAE7B25F}v3.12.7150.0\core.msi","2035712","PackageCache"
"0020_dotnet-host-10.0.9-win-x64.msi","C:\ProgramData\Package Cache\{1BE0093C-57AD-46B8-9781-8437664E9957}v80.36.53633\dotnet-host-10.0.9-win-x64.msi","1036288","PackageCache"
"0021_41e6e3fd550c6d235b44b323b755e66e-x64.msi","C:\ProgramData\Package Cache\{1CCC423B-56D5-4333-863A-617CB7B5D195}v10.0.0\41e6e3fd550c6d235b44b323b755e66e-x64.msi","638976","PackageCache"
"0022_windowsdesktop-targeting-pack-10.0.9-win-x64.msi","C:\ProgramData\Package Cache\{1E37E62A-03B6-4822-A6E2-9331CA157AAC}v80.36.53633\windowsdesktop-targeting-pack-10.0.9-win-x64.msi","6209536","PackageCache"
"0023_VC_Runtime_arm64.msi","C:\ProgramData\Package Cache\{1E7D98FD-97A9-4EE3-B08E-F53E96DF3491}v14.42.34438\packages\VC_Runtime_arm64\VC_Runtime_arm64.msi","212992","PackageCache"
"0024_dev.msi","C:\ProgramData\Package Cache\{225BAA2C-BDCA-4D63-9D72-D92CE5E2421D}v3.12.150.0\dev.msi","389120","PackageCache"
"0025_windowsdesktop-runtime-8.0.28-win-x64.msi","C:\ProgramData\Package Cache\{2397436C-7461-4B1F-84C2-1B78CAF38CBF}v64.112.53617\windowsdesktop-runtime-8.0.28-win-x64.msi","30334976","PackageCache"
"0026_pip.msi","C:\ProgramData\Package Cache\{24B8988D-E785-4124-BF77-1DC6A3E62050}v3.12.150.0\pip.msi","274432","PackageCache"
"0027_Windows SDK Desktop Headers arm64-x86_en-us.msi","C:\ProgramData\Package Cache\{27B3D59D-9D54-3EA4-4CCE-AE5E57918284}v10.1.19041.5609\Installers\Windows SDK Desktop Headers arm64-x86_en-us.msi","450560","PackageCache"
"0028_Windows SDK Desktop Tools arm64-x86_en-us.msi","C:\ProgramData\Package Cache\{2825810D-881C-9FBB-7836-B0117552064F}v10.1.19041.5609\Installers\Windows SDK Desktop Tools arm64-x86_en-us.msi","466944","PackageCache"
"0029_path.msi","C:\ProgramData\Package Cache\{297F0F40-8782-45A0-A4A1-7A27E5629000}v3.12.5150.0\path.msi","49152","PackageCache"
"0030_Windows SDK Desktop Tools x64-x86_en-us.msi","C:\ProgramData\Package Cache\{2A0C6A0D-A8A7-89B6-AA43-B5DF54E1E837}v10.1.19041.5609\Installers\Windows SDK Desktop Tools x64-x86_en-us.msi","471040","PackageCache"
"0031_Windows SDK Signing Tools-x86_en-us.msi","C:\ProgramData\Package Cache\{2BCF4E86-E0B2-C9E0-10DC-26935253CF3D}v10.1.19041.5609\Installers\Windows SDK Signing Tools-x86_en-us.msi","462848","PackageCache"
"0032_WinRT Intellisense Desktop - Other Languages-x86_en-us.msi","C:\ProgramData\Package Cache\{2D57E5F2-DE65-816E-0AB4-58E046C34205}v10.1.19041.5609\Installers\WinRT Intellisense Desktop - Other Languages-x86_en-us.msi","606208","PackageCache"
"0033_Universal CRT Extension SDK-x86_en-us.msi","C:\ProgramData\Package Cache\{2D78CDCA-CE1A-6007-089C-E09908F8B1FD}v10.1.19041.5609\Installers\Universal CRT Extension SDK-x86_en-us.msi","454656","PackageCache"
"0034_Windows App Certification Kit SupportedApiList x86-x86_en-us.msi","C:\ProgramData\Package Cache\{2FC6E546-6997-84F3-1877-1F91046B81E1}v10.1.19041.5609\Installers\Windows App Certification Kit SupportedApiList x86-x86_en-us.msi","450560","PackageCache"
"0035_doc.msi","C:\ProgramData\Package Cache\{314BCBA9-14E3-41D1-B9DD-32ADF7EA8C5D}v3.12.7150.0\doc.msi","5746688","PackageCache"
"0036_launcher.msi","C:\ProgramData\Package Cache\{3182A195-B671-44A8-B0C7-7876B916BA5A}v3.12.150.0\launcher.msi","552960","PackageCache"
"0037_vcredist_x86.exe","C:\ProgramData\Package Cache\{33d1fd90-4274-48a1-9bc1-97e33d9c2d6f}\vcredist_x86.exe","455720","PackageCache"
"0038_vc_runtimeAdditional_x64.msi","C:\ProgramData\Package Cache\{37B8F9C7-03FB-3253-8781-2517C99D7C00}v11.0.61030\packages\vcRuntimeAdditional_amd64\vc_runtimeAdditional_x64.msi","151552","PackageCache"
"0039_path.msi","C:\ProgramData\Package Cache\{380DEEDA-4227-4F0E-9F7C-34C75649DE59}v3.12.150.0\path.msi","49152","PackageCache"
"0040_c00013b31da3e9d26857397366eafcfa-x64.msi","C:\ProgramData\Package Cache\{385C8F54-C997-46F9-B882-CE5B41B9999F}v81.180.53633\c00013b31da3e9d26857397366eafcfa-x64.msi","638976","PackageCache"
"0041_dotnet-runtime-10.0.9-win-x64.msi","C:\ProgramData\Package Cache\{39F1106B-DDD4-4912-9069-D6491D1142BE}v80.36.53633\dotnet-runtime-10.0.9-win-x64.msi","29458432","PackageCache"
"0042_doc.msi","C:\ProgramData\Package Cache\{3E498CAA-A927-434A-9A52-1C0BAB891020}v3.12.5150.0\doc.msi","5738496","PackageCache"
"0043_27305ae792e3dafc4b1f4c86df2e795f-x64.msi","C:\ProgramData\Package Cache\{3F32E4B1-4A0A-4FA6-9D39-A15A83683EDA}v26.0.11017\27305ae792e3dafc4b1f4c86df2e795f-x64.msi","716800","PackageCache"
"0044_SDK ARM Additions-x86_en-us.msi","C:\ProgramData\Package Cache\{4392AB59-ABB1-2E5F-21DF-0029512F36DD}v10.1.19041.5609\Installers\SDK ARM Additions-x86_en-us.msi","450560","PackageCache"
"0045_LauncherPrereqSetup_x64.exe","C:\ProgramData\Package Cache\{43a03b9c-4770-409c-a999-587b60700b63}\LauncherPrereqSetup_x64.exe","546712","PackageCache"
"0046_Windows SDK DirectX x64 Remote-x64_en-us.msi","C:\ProgramData\Package Cache\{44C9B7CF-544B-6C2D-0AA9-DBABEE0A1D7B}v10.1.19041.5609\Installers\Windows SDK DirectX x64 Remote-x64_en-us.msi","450560","PackageCache"
"0047_Windows SDK DirectX x86 Remote-x86_en-us.msi","C:\ProgramData\Package Cache\{44C9B7CF-544B-6C2D-0AA9-DBABEE0A1D7B}v10.1.19041.5609\Installers\Windows SDK DirectX x86 Remote-x86_en-us.msi","450560","PackageCache"
"0048_Windows SDK for Windows Store Apps DirectX ARM Remote-arm_en-us.msi","C:\ProgramData\Package Cache\{44C9B7CF-544B-6C2D-0AA9-DBABEE0A1D7B}v10.1.19041.5609\Installers\Windows SDK for Windows Store Apps DirectX ARM Remote-arm_en-us.msi","409600","PackageCache"
"0049_Windows SDK for Windows Store Apps DirectX x64 Remote-x64_en-us.msi","C:\ProgramData\Package Cache\{44C9B7CF-544B-6C2D-0AA9-DBABEE0A1D7B}v10.1.19041.5609\Installers\Windows SDK for Windows Store Apps DirectX x64 Remote-x64_en-us.msi","458752","PackageCache"
"0050_Windows SDK for Windows Store Apps DirectX x86 Remote-x86_en-us.msi","C:\ProgramData\Package Cache\{44C9B7CF-544B-6C2D-0AA9-DBABEE0A1D7B}v10.1.19041.5609\Installers\Windows SDK for Windows Store Apps DirectX x86 Remote-x86_en-us.msi","458752","PackageCache"
"0051_Windows SDK Redistributables-x86_en-us.msi","C:\ProgramData\Package Cache\{44C9B7CF-544B-6C2D-0AA9-DBABEE0A1D7B}v10.1.19041.5609\Installers\Windows SDK Redistributables-x86_en-us.msi","454656","PackageCache"
"0052_dotnet-runtime-3.1.22-win-x64.msi","C:\ProgramData\Package Cache\{44D628C6-14F5-48F2-89F9-6C0A5FF2B9F0}v24.88.30721\dotnet-runtime-3.1.22-win-x64.msi","25092096","PackageCache"
"0053_Windows Team Extension SDK Contracts-x86_en-us.msi","C:\ProgramData\Package Cache\{47B777FC-0E69-8326-B50D-FEAB5995B4D6}v10.1.19041.5609\Installers\Windows Team Extension SDK Contracts-x86_en-us.msi","450560","PackageCache"
"0054_exe.msi","C:\ProgramData\Package Cache\{49C6B471-DE43-4ECA-B4F2-2CE5D7BF8F6D}v3.12.5150.0\exe.msi","741376","PackageCache"
"0055_vc_runtimeMinimum_x86.msi","C:\ProgramData\Package Cache\{4BF7CE18-E151-449F-9190-6CDBED0BB4A2}v14.51.36247\packages\vcRuntimeMinimum_x86\vc_runtimeMinimum_x86.msi","204800","PackageCache"
"0056_MSI Development Tools-x86_en-us.msi","C:\ProgramData\Package Cache\{4CDB315B-7D34-AADB-B87D-9C00F56A430D}v10.1.19041.5609\Installers\MSI Development Tools-x86_en-us.msi","450560","PackageCache"
"0057_MsiVal2-x86_en-us.msi","C:\ProgramData\Package Cache\{4CDB315B-7D34-AADB-B87D-9C00F56A430D}v10.1.19041.5609\Installers\MsiVal2-x86_en-us.msi","655360","PackageCache"
"0058_Orca-x86_en-us.msi","C:\ProgramData\Package Cache\{4CDB315B-7D34-AADB-B87D-9C00F56A430D}v10.1.19041.5609\Installers\Orca-x86_en-us.msi","655360","PackageCache"
"0059_NINASetup.msi","C:\ProgramData\Package Cache\{4FBC12EC-03FB-4860-B0A4-99801F409EAA}v3.1.2.9001\NINASetup.msi","160873773","PackageCache"
"0060_Windows App Certification Kit Native Components-x64_en-us.msi","C:\ProgramData\Package Cache\{524581F7-19EF-7567-B516-028842672D5C}v10.1.19041.5609\Installers\Windows App Certification Kit Native Components-x64_en-us.msi","512000","PackageCache"
"0061_WinAppDeploy-x86_en-us.msi","C:\ProgramData\Package Cache\{532B792A-577A-C684-3BE0-8266D973A314}v10.1.19041.5609\Installers\WinAppDeploy-x86_en-us.msi","913408","PackageCache"
"0062_vc_runtimeMinimum_x64.msi","C:\ProgramData\Package Cache\{53CF6934-A98D-3D84-9146-FC4EDF3D5641}v12.0.40664\packages\vcRuntimeMinimum_amd64\vc_runtimeMinimum_x64.msi","143360","PackageCache"
"0063_vc_runtimeAdditional_x64.msi","C:\ProgramData\Package Cache\{5740BD44-B58D-321A-AFC0-6D3D4556DD6C}v12.0.40660\packages\vcRuntimeAdditional_amd64\vc_runtimeAdditional_x64.msi","143360","PackageCache"
"0064_exe.msi","C:\ProgramData\Package Cache\{575EC8EB-A481-4CF1-BAB0-3C1DBD2E50A7}v3.12.150.0\exe.msi","716800","PackageCache"
"0065_vc_runtimeAdditional_x86.msi","C:\ProgramData\Package Cache\{582BA719-E6F1-4651-A873-049E6A0DDDAF}v14.51.36247\packages\vcRuntimeAdditional_x86\vc_runtimeAdditional_x86.msi","204800","PackageCache"
"0066_doc.msi","C:\ProgramData\Package Cache\{5DF0B8D8-4E7F-43EB-AD16-30FFA931A905}v3.12.150.0\doc.msi","5627904","PackageCache"
"0067_winsdksetup.exe","C:\ProgramData\Package Cache\{5f4dc51d-f151-4325-8ba1-8b26169529a9}\winsdksetup.exe","1429888","PackageCache"
"0068_Windows SDK DirectX x64 Remote-x64_en-us.msi","C:\ProgramData\Package Cache\{61CAE9AB-D59A-4180-FBD1-9DE7046D0BCF}v10.1.19041.5609\Installers\Windows SDK DirectX x64 Remote-x64_en-us.msi","450560","PackageCache"
"0069_windowsdesktop-runtime-6.0.36-win-x64.msi","C:\ProgramData\Package Cache\{61D4736B-3325-4D4A-BD41-8BD206C6A86E}v48.144.23186\windowsdesktop-runtime-6.0.36-win-x64.msi","29794304","PackageCache"
"0070_Windows SDK Modern Versioned Developer Tools-x86_en-us.msi","C:\ProgramData\Package Cache\{6293EB7C-9B82-5D3F-016A-87D94E8C8E85}v10.1.19041.5609\Installers\Windows SDK Modern Versioned Developer Tools-x86_en-us.msi","462848","PackageCache"
"0071_PowerShell-7.5.5-win-x64.msi","C:\ProgramData\Package Cache\{634F4903-28DC-4BA6-A39F-4B3E394D4E36}v7.5.5.0\PowerShell-7.5.5-win-x64.msi","113164288","PackageCache"
"0072_pip.msi","C:\ProgramData\Package Cache\{680AB42D-FAF3-46E2-A16D-BDD38E4506BB}v3.12.7150.0\pip.msi","274432","PackageCache"
"0073_windowsdesktop-runtime-3.1.22-win-x64.exe","C:\ProgramData\Package Cache\{68de94b9-46ac-495e-a96b-de484c02f5b3}\windowsdesktop-runtime-3.1.22-win-x64.exe","621504","PackageCache"
"0074_core.msi","C:\ProgramData\Package Cache\{6B58F6F9-656A-4CC4-8BAB-22177BFFA45F}v3.12.150.0\core.msi","2056192","PackageCache"
"0075_Universal CRT Headers Libraries and Sources-x86_en-us.msi","C:\ProgramData\Package Cache\{6D7ACCE0-E08A-78C8-2EF5-63E9FAEA185C}v10.1.19041.5609\Installers\Universal CRT Headers Libraries and Sources-x86_en-us.msi","577536","PackageCache"
"0076_tcltk.msi","C:\ProgramData\Package Cache\{6EAF677E-4EE8-4A22-9781-9131C5298D26}v3.12.150.0\tcltk.msi","3543040","PackageCache"
"0077_vc_runtimeAdditional_x64.msi","C:\ProgramData\Package Cache\{6FA797CF-6B76-4B6D-87EE-768F92008720}v14.51.36247\packages\vcRuntimeAdditional_amd64\vc_runtimeAdditional_x64.msi","212992","PackageCache"
"0078_c882b5f6ad57fa53617528dba625bba6-x64.msi","C:\ProgramData\Package Cache\{71BE6D93-66DD-4F17-ABE9-9E0AD4E806B5}v81.180.53633\c882b5f6ad57fa53617528dba625bba6-x64.msi","638976","PackageCache"
"0079_launcher.msi","C:\ProgramData\Package Cache\{73831AC2-F0E1-4173-9FDB-D07463D7EB80}v3.12.7150.0\launcher.msi","552960","PackageCache"
"0080_18a4a7ad9f6b6cd66a638f7696bc1d68-x64.msi","C:\ProgramData\Package Cache\{75AB8088-F770-4603-96BE-9344A43F2456}v81.180.53633\18a4a7ad9f6b6cd66a638f7696bc1d68-x64.msi","638976","PackageCache"
"0081_windowsdesktop-runtime-8.0.28-win-x64.exe","C:\ProgramData\Package Cache\{7644bebe-5a2f-4e49-91b7-fdd90f230fa5}\windowsdesktop-runtime-8.0.28-win-x64.exe","622368","PackageCache"
"0082_Windows SDK for Windows Store Apps-x86_en-us.msi","C:\ProgramData\Package Cache\{778D640A-21E7-0A4A-0FB6-7C6F7FA4FDC2}v10.1.19041.5609\Installers\Windows SDK for Windows Store Apps-x86_en-us.msi","462848","PackageCache"
"0083_Windows SDK Modern Non-Versioned Developer Tools-x86_en-us.msi","C:\ProgramData\Package Cache\{77E28521-C063-BF41-60C0-0140F5C2F811}v10.1.19041.5609\Installers\Windows SDK Modern Non-Versioned Developer Tools-x86_en-us.msi","458752","PackageCache"
"0084_dotnet-runtime-3.1.32-win-x64.exe","C:\ProgramData\Package Cache\{784973c8-d618-4ac8-97ed-1fd52c5bdf2f}\dotnet-runtime-3.1.32-win-x64.exe","624184","PackageCache"
"0085_WinRT Intellisense Desktop - en-us-x86_en-us.msi","C:\ProgramData\Package Cache\{78F26630-7E77-27FD-1780-651E8B0EF32A}v10.1.19041.5609\Installers\WinRT Intellisense Desktop - en-us-x86_en-us.msi","495616","PackageCache"
"0086_vc_runtimeAdditional_x86.msi","C:\ProgramData\Package Cache\{7DAD0258-515C-3DD4-8964-BD714199E0F7}v12.0.40660\packages\vcRuntimeAdditional_x86\vc_runtimeAdditional_x86.msi","143360","PackageCache"
"0087_6e010c63a2deb0bfd6117f4ad1c15b7f-x64.msi","C:\ProgramData\Package Cache\{7FFF090D-5C19-4754-BA00-44A4AE58610C}v26.0.11017\6e010c63a2deb0bfd6117f4ad1c15b7f-x64.msi","716800","PackageCache"
"0088_Windows SDK for Windows Store Apps Metadata-x86_en-us.msi","C:\ProgramData\Package Cache\{80A87973-098D-8903-956C-3244FC0461A1}v10.1.19041.5609\Installers\Windows SDK for Windows Store Apps Metadata-x86_en-us.msi","454656","PackageCache"
"0089_vc_runtimeMinimum_x86.msi","C:\ProgramData\Package Cache\{8122DAB1-ED4D-3676-BB0A-CA368196543E}v12.0.40664\packages\vcRuntimeMinimum_x86\vc_runtimeMinimum_x86.msi","143360","PackageCache"
"0090_6a60adc625735653fc7cbf1f8a4fba5b-x64.msi","C:\ProgramData\Package Cache\{825968EA-7A71-49E0-8E0A-9BD6A2C03EDE}v81.180.53633\6a60adc625735653fc7cbf1f8a4fba5b-x64.msi","638976","PackageCache"
"0091_93a0f44e9d05f12415436046c382b187-x64.msi","C:\ProgramData\Package Cache\{8292E3C8-3F20-47F0-95FD-19D9BCCB7767}v81.180.53633\93a0f44e9d05f12415436046c382b187-x64.msi","643072","PackageCache"
"0092_Windows SDK Desktop Libs x86-x86_en-us.msi","C:\ProgramData\Package Cache\{842FBFC4-CCCC-6799-1998-17DED2BCE174}v10.1.19041.5609\Installers\Windows SDK Desktop Libs x86-x86_en-us.msi","528384","PackageCache"
"0093_dotnet-apphost-pack-10.0.9-win-x64.msi","C:\ProgramData\Package Cache\{8551670B-D2DA-457E-88DE-E7547DEFBD91}v80.36.53633\dotnet-apphost-pack-10.0.9-win-x64.msi","5173248","PackageCache"
"0094_Kits Configuration Installer-x86_en-us.msi","C:\ProgramData\Package Cache\{85FC198B-F293-0ED4-CD62-09F136CBF5AD}v10.1.19041.5609\Installers\Kits Configuration Installer-x86_en-us.msi","446464","PackageCache"
"0095_dotnet-hostfxr-3.1.22-win-x64.msi","C:\ProgramData\Package Cache\{87DE9382-0F95-4768-98B8-BB5C1AB2B94F}v24.88.30721\dotnet-hostfxr-3.1.22-win-x64.msi","897024","PackageCache"
"0096_Windows SDK for Windows Store Apps Libs-x86_en-us.msi","C:\ProgramData\Package Cache\{8A69A3F8-0D09-7AEC-714B-21F63FD4F131}v10.1.19041.5609\Installers\Windows SDK for Windows Store Apps Libs-x86_en-us.msi","548864","PackageCache"
"0097_dotnet-host-3.1.32-win-x64.msi","C:\ProgramData\Package Cache\{8A8E3A04-83BC-4CDE-9259-893B666C1AB1}v24.192.31915\dotnet-host-3.1.32-win-x64.msi","749568","PackageCache"
"0098_Windows SDK Desktop Headers arm-x86_en-us.msi","C:\ProgramData\Package Cache\{8BE03D0F-0D5D-67F0-B04C-EC13A64C4BAC}v10.1.19041.5609\Installers\Windows SDK Desktop Headers arm-x86_en-us.msi","450560","PackageCache"
"0099_exe.msi","C:\ProgramData\Package Cache\{8C1ACF90-E1B6-46A1-B4F0-DD6217005B25}v3.12.7150.0\exe.msi","741376","PackageCache"
"0100_f6daf825110be508190853cdce166c74-x64.msi","C:\ProgramData\Package Cache\{8D6F588E-E43F-442E-996E-3247815BDD26}v81.180.53633\f6daf825110be508190853cdce166c74-x64.msi","643072","PackageCache"
"0101_Windows SDK DirectX x86 Remote-x86_en-us.msi","C:\ProgramData\Package Cache\{8D87E449-DE1F-375B-D142-5391C06ED75C}v10.1.19041.5609\Installers\Windows SDK DirectX x86 Remote-x86_en-us.msi","450560","PackageCache"
"0102_Universal CRT Redistributable-x86_en-us.msi","C:\ProgramData\Package Cache\{8FB7909F-7079-FECC-1A06-B90A324C11E9}v10.1.19041.5609\Installers\Universal CRT Redistributable-x86_en-us.msi","479232","PackageCache"
"0103_test.msi","C:\ProgramData\Package Cache\{909CC8E1-6EDC-40A8-9E04-7589DE69300A}v3.12.7150.0\test.msi","5640192","PackageCache"
"0104_Windows SDK for Windows Store Apps Contracts-x86_en-us.msi","C:\ProgramData\Package Cache\{911F65D7-229E-FDF5-2CDC-7A778E965FAB}v10.1.19041.5609\Installers\Windows SDK for Windows Store Apps Contracts-x86_en-us.msi","466944","PackageCache"
"0105_vc_runtimeMinimum_x64.msi","C:\ProgramData\Package Cache\{931A2CF0-2404-45EA-82F5-345735AE6A90}v14.51.36247\packages\vcRuntimeMinimum_amd64\vc_runtimeMinimum_x64.msi","212992","PackageCache"
"0106_dotnet-hostfxr-10.0.9-win-x64.msi","C:\ProgramData\Package Cache\{946BA18E-2919-4151-B0AF-54F42D8515A3}v80.36.53633\dotnet-hostfxr-10.0.9-win-x64.msi","1110016","PackageCache"
"0107_launcher.msi","C:\ProgramData\Package Cache\{960CBBE8-FB4E-42F3-A432-0F78FAA9DAD0}v3.12.8150.0\launcher.msi","561152","PackageCache"
"0108_tcltk.msi","C:\ProgramData\Package Cache\{984178D8-5728-48E7-89A1-C3E9A4D5F5DE}v3.12.7150.0\tcltk.msi","3547136","PackageCache"
"0109_SetupChipset.exe","C:\ProgramData\Package Cache\{99926fb7-5da9-4101-b79f-eec3674ca64b}\SetupChipset.exe","2149024","PackageCache"
"0110_VC_redist.x86.exe","C:\ProgramData\Package Cache\{9a6ce18d-11c0-4452-aa35-9f2b8437c686}\VC_redist.x86.exe","629352","PackageCache"
"0111_Windows SDK for Windows Store Apps Headers-x86_en-us.msi","C:\ProgramData\Package Cache\{9AE69F25-AAA9-19CA-A490-FD002EF55FB0}v10.1.19041.5609\Installers\Windows SDK for Windows Store Apps Headers-x86_en-us.msi","1044480","PackageCache"
"0112_dotnet-runtime-8.0.28-win-x64.msi","C:\ProgramData\Package Cache\{9CCBB04A-DB05-4005-B694-CA184112C65E}v64.112.53549\dotnet-runtime-8.0.28-win-x64.msi","27459584","PackageCache"
"0113_NINASetupBundle.exe","C:\ProgramData\Package Cache\{9D004EAF-012A-4914-91FE-491EC2568E4D}\NINASetupBundle.exe","991799","PackageCache"
"0114_vcredist_x86.exe","C:\ProgramData\Package Cache\{9dff3540-fc85-4ed5-ac84-9e3c7fd8bece}\vcredist_x86.exe","465968","PackageCache"
"0115_UEPrereqSetup_x64.msi","C:\ProgramData\Package Cache\{9F18D9CE-84C9-4AEA-9421-38FD2AC30B77}v1.0.21.0\UEPrereqSetup_x64.msi","11968512","PackageCache"
"0116_path.msi","C:\ProgramData\Package Cache\{A26ABCC2-F6AA-4B7D-A767-16BE012DB52E}v3.12.7150.0\path.msi","49152","PackageCache"
"0117_Windows SDK Desktop Headers x86-x86_en-us.msi","C:\ProgramData\Package Cache\{A309246D-0781-212D-1424-4A6505425A44}v10.1.19041.5609\Installers\Windows SDK Desktop Headers x86-x86_en-us.msi","827392","PackageCache"
"0118_Windows SDK Desktop Headers x64-x86_en-us.msi","C:\ProgramData\Package Cache\{A3B7C26F-BE21-6D16-77CA-BD5F1394A538}v10.1.19041.5609\Installers\Windows SDK Desktop Headers x64-x86_en-us.msi","450560","PackageCache"
"0119_dev.msi","C:\ProgramData\Package Cache\{A576F2EB-97DB-4B01-9422-B8E1FA15B92B}v3.12.5150.0\dev.msi","393216","PackageCache"
"0120_Windows Team Extension SDK-x86_en-us.msi","C:\ProgramData\Package Cache\{A5B25F16-0699-7F93-9154-D749B6037381}v10.1.19041.5609\Installers\Windows Team Extension SDK-x86_en-us.msi","450560","PackageCache"
"0121_dotnet-runtime-3.1.32-win-x64.msi","C:\ProgramData\Package Cache\{A741B803-3F0E-4684-81EF-FC128D15A92C}v24.192.31915\dotnet-runtime-3.1.32-win-x64.msi","25247744","PackageCache"
"0122_Windows SDK for Windows Store Apps Tools-x86_en-us.msi","C:\ProgramData\Package Cache\{A8E49937-CC70-12A0-8B88-22A2AE629655}v10.1.19041.5609\Installers\Windows SDK for Windows Store Apps Tools-x86_en-us.msi","528384","PackageCache"
"0123_dotnet-hostfxr-6.0.36-win-x64.msi","C:\ProgramData\Package Cache\{A9E32B25-994B-4856-A12B-0EBED3050410}v48.144.23141\dotnet-hostfxr-6.0.36-win-x64.msi","798720","PackageCache"
"0124_2c7520237dc599e0b0fcecc4ba58f574-x64.msi","C:\ProgramData\Package Cache\{AB952117-59EE-42C4-879C-0435F296A2C2}v81.180.53633\2c7520237dc599e0b0fcecc4ba58f574-x64.msi","643072","PackageCache"
"0125_dotnet-hostfxr-3.1.32-win-x64.msi","C:\ProgramData\Package Cache\{ABC6B3C2-1A8D-4C5E-AC16-C2AE44F02743}v24.192.31915\dotnet-hostfxr-3.1.32-win-x64.msi","823296","PackageCache"
"0126_Windows SDK for Windows Store Apps DirectX x86 Remote-x86_en-us.msi","C:\ProgramData\Package Cache\{AF19AD5B-2DF6-9862-B161-26B5BDB6D8EE}v10.1.19041.5609\Installers\Windows SDK for Windows Store Apps DirectX x86 Remote-x86_en-us.msi","458752","PackageCache"
"0127_vc_runtimeAdditional_x86.msi","C:\ProgramData\Package Cache\{B175520C-86A2-35A7-8619-86DC379688B9}v11.0.61030\packages\vcRuntimeAdditional_x86\vc_runtimeAdditional_x86.msi","151552","PackageCache"
"0128_core.msi","C:\ProgramData\Package Cache\{B2ACF787-C0C6-4049-B5E0-728FDE281A0C}v3.12.5150.0\core.msi","2035712","PackageCache"
"0129_dotnet-host-3.1.22-win-x64.msi","C:\ProgramData\Package Cache\{B343AEBD-9A5A-40B7-A032-81163019A913}v24.88.30721\dotnet-host-3.1.22-win-x64.msi","749568","PackageCache"
"0130_dotnet-100templates-10.0.301-servicing.26270.133-win-x64.msi","C:\ProgramData\Package Cache\{B3BFCD96-A79A-4721-970B-9D9E22A7162D}v40.11.22621\dotnet-100templates-10.0.301-servicing.26270.133-win-x64.msi","3706880","PackageCache"
"0131_03a39fa23541bd8bb2fbc2fac03e9ba9-x64.msi","C:\ProgramData\Package Cache\{B5D02ACF-388B-4B89-8A94-65781CB27849}v36.1.2\03a39fa23541bd8bb2fbc2fac03e9ba9-x64.msi","716800","PackageCache"
"0132_windowsdesktop-runtime-10.0.9-win-x64.msi","C:\ProgramData\Package Cache\{B7AC6B1E-81BF-44EB-B1DA-D9F4A255984B}v80.36.53633\windowsdesktop-runtime-10.0.9-win-x64.msi","30158848","PackageCache"
"0133_WinRT Intellisense UAP - Other Languages-x86_en-us.msi","C:\ProgramData\Package Cache\{B9369888-3610-E674-C077-322D40A10123}v10.1.19041.5609\Installers\WinRT Intellisense UAP - Other Languages-x86_en-us.msi","544768","PackageCache"
"0134_vc_runtimeMinimum_x86.msi","C:\ProgramData\Package Cache\{BD95A8CD-1D9F-35AD-981A-3E7925026EBB}v11.0.61030\packages\vcRuntimeMinimum_x86\vc_runtimeMinimum_x86.msi","151552","PackageCache"
"0135_test.msi","C:\ProgramData\Package Cache\{C0BCA7FE-EABE-4740-B19D-FAF0C1DFF90C}v3.12.5150.0\test.msi","5619712","PackageCache"
"0136_ef8ba7adaadd033bb72c2027877990c9-x64.msi","C:\ProgramData\Package Cache\{C108C948-86BF-4A9F-BF8E-E3ACAC2A3205}v26.0.11017\ef8ba7adaadd033bb72c2027877990c9-x64.msi","716800","PackageCache"
"0137_tcltk.msi","C:\ProgramData\Package Cache\{C3052A24-45DB-4723-AD99-9025FC199975}v3.12.5150.0\tcltk.msi","3547136","PackageCache"
"0138_Windows IoT Extension SDK Contracts-x86_en-us.msi","C:\ProgramData\Package Cache\{C3D2FB47-9403-6F43-621C-5E5141B41EDA}v10.1.19041.5609\Installers\Windows IoT Extension SDK Contracts-x86_en-us.msi","446464","PackageCache"
"0139_pip.msi","C:\ProgramData\Package Cache\{C43FD2AD-079B-409F-ADE9-FD287B1F79F0}v3.12.5150.0\pip.msi","274432","PackageCache"
"0140_dotnet-runtime-6.0.36-win-x64.msi","C:\ProgramData\Package Cache\{C912E33F-956A-4921-9F55-CC11AE8F09AF}v48.144.23141\dotnet-runtime-6.0.36-win-x64.msi","27131904","PackageCache"
"0141_vcredist_x64.exe","C:\ProgramData\Package Cache\{ca67548a-5ebe-413a-b50c-4b9ceb6d66c6}\vcredist_x64.exe","455576","PackageCache"
"0142_Windows SDK Desktop Libs arm64-x86_en-us.msi","C:\ProgramData\Package Cache\{CA8A9642-147B-190E-76A3-87A23B97ADF9}v10.1.19041.5609\Installers\Windows SDK Desktop Libs arm64-x86_en-us.msi","528384","PackageCache"
"0143_PowerShell-7.5.5-win-x64.exe","C:\ProgramData\Package Cache\{cac8e818-d8ea-4633-a39f-8604cb101a19}\PowerShell-7.5.5-win-x64.exe","601336","PackageCache"
"0144_vc_runtimeMinimum_x64.msi","C:\ProgramData\Package Cache\{CB0836EC-B072-368D-82B2-D3470BF95707}v12.0.40660\packages\vcRuntimeMinimum_amd64\vc_runtimeMinimum_x64.msi","143360","PackageCache"
"0145_Windows SDK Desktop Libs arm-x86_en-us.msi","C:\ProgramData\Package Cache\{CE78C7EF-312F-35EB-82F9-FDC326F08658}v10.1.19041.5609\Installers\Windows SDK Desktop Libs arm-x86_en-us.msi","524288","PackageCache"
"0146_dotnet-host-8.0.28-win-x64.msi","C:\ProgramData\Package Cache\{CEE6617B-1BF5-4E83-BD00-51E24542AEF1}v64.112.53549\dotnet-host-8.0.28-win-x64.msi","720896","PackageCache"
"0147_vc_runtimeMinimum_x64.msi","C:\ProgramData\Package Cache\{CF2BEA3C-26EA-32F8-AA9B-331F7E34BA97}v11.0.61030\packages\vcRuntimeMinimum_amd64\vc_runtimeMinimum_x64.msi","151552","PackageCache"
"0148_dotnet-targeting-pack-10.0.9-win-x64.msi","C:\ProgramData\Package Cache\{D0903427-6D3C-48AC-A839-37BD4FC8970A}v80.36.53633\dotnet-targeting-pack-10.0.9-win-x64.msi","4980736","PackageCache"
"0149_WinRT Intellisense IoT - en-us-x86_en-us.msi","C:\ProgramData\Package Cache\{D09F9C76-321B-88B7-316B-E655F86BDB37}v10.1.19041.5609\Installers\WinRT Intellisense IoT - en-us-x86_en-us.msi","446464","PackageCache"
"0150_Windows SDK-x86_en-us.msi","C:\ProgramData\Package Cache\{D0CDB467-54EA-52D0-C1EC-B0D8323015B0}v10.1.19041.5609\Installers\Windows SDK-x86_en-us.msi","462848","PackageCache"
"0151_Universal General MIDI DLS Extension SDK-x86_en-us.msi","C:\ProgramData\Package Cache\{D2C85BA9-DA49-E2D5-D4C2-351C6C2C616F}v10.1.19041.5609\Installers\Universal General MIDI DLS Extension SDK-x86_en-us.msi","450560","PackageCache"
"0152_dotnet-sdk-10.0.301-win-x64.exe","C:\ProgramData\Package Cache\{D3B0C96C-7E40-4CE4-A50B-15991126C0A3}\dotnet-sdk-10.0.301-win-x64.exe","1002856","PackageCache"
"0153_vc_runtimeAdditional_x86.msi","C:\ProgramData\Package Cache\{D401961D-3A20-3AC7-943B-6139D5BD490A}v12.0.40664\packages\vcRuntimeAdditional_x86\vc_runtimeAdditional_x86.msi","143360","PackageCache"
"0154_Application Verifier x64 External Package-x64_en-us.msi","C:\ProgramData\Package Cache\{D5419286-34A7-E062-1C25-013A7FA94E9C}v10.1.19041.5609\Installers\Application Verifier x64 External Package-x64_en-us.msi","3833856","PackageCache"
"0155_windowsdesktop-runtime-3.1.22-win-x64.msi","C:\ProgramData\Package Cache\{D5C6F442-F51D-4D15-82C1-61E3435BA3C8}v24.88.30721\windowsdesktop-runtime-3.1.22-win-x64.msi","28647424","PackageCache"
"0156_dotnet-host-6.0.36-win-x64.msi","C:\ProgramData\Package Cache\{D6932D97-36F1-40B8-9CDC-CA8365B21000}v48.144.23141\dotnet-host-6.0.36-win-x64.msi","733184","PackageCache"
"0157_Windows Desktop Extension SDK Contracts-x86_en-us.msi","C:\ProgramData\Package Cache\{D721DCB8-0930-F41C-6110-A00C41A0D32C}v10.1.19041.5609\Installers\Windows Desktop Extension SDK Contracts-x86_en-us.msi","471040","PackageCache"
"0158_e565921a0705706b37923c6d8192d744-x64.msi","C:\ProgramData\Package Cache\{D9695A82-3EA3-4B0D-8F41-766C60E3FA52}v26.0.11017\e565921a0705706b37923c6d8192d744-x64.msi","716800","PackageCache"
"0159_Windows Mobile Extension SDK-x86_en-us.msi","C:\ProgramData\Package Cache\{D97824BC-1F9C-9A98-A458-5B0D06ECB755}v10.1.19041.5609\Installers\Windows Mobile Extension SDK-x86_en-us.msi","462848","PackageCache"
"0160_Windows SDK Facade Windows WinMD Versioned-x86_en-us.msi","C:\ProgramData\Package Cache\{DE56820F-73F3-83D6-DA12-CEF0E7585FDD}v10.1.19041.5609\Installers\Windows SDK Facade Windows WinMD Versioned-x86_en-us.msi","450560","PackageCache"
"0161_Windows Mobile Extension SDK Contracts-x86_en-us.msi","C:\ProgramData\Package Cache\{DF4C943F-A46A-E489-69CE-189C54B0487E}v10.1.19041.5609\Installers\Windows Mobile Extension SDK Contracts-x86_en-us.msi","454656","PackageCache"
"0162_UAPSDKAddOn-x86.msi","C:\ProgramData\Package Cache\{E18618EC-D9DB-4BCE-B382-85ADA2CBB340}v10.1.0.0\Redistributable\10.1.0.0\UAPSDKAddOn-x86.msi","212992","PackageCache"
"0163_Windows SDK EULA-x86_en-us.msi","C:\ProgramData\Package Cache\{E2037558-0217-B40C-F00C-07FDBB82347B}v10.1.19041.5609\Installers\Windows SDK EULA-x86_en-us.msi","450560","PackageCache"
"0164_Windows SDK Desktop Libs x64-x86_en-us.msi","C:\ProgramData\Package Cache\{E22D77C1-306A-C916-15A0-08189F27E575}v10.1.19041.5609\Installers\Windows SDK Desktop Libs x64-x86_en-us.msi","528384","PackageCache"
"0165_dotnet-hostfxr-8.0.28-win-x64.msi","C:\ProgramData\Package Cache\{E2627D3F-C9CA-42D9-9BE9-A2E645A56FEF}v64.112.53549\dotnet-hostfxr-8.0.28-win-x64.msi","794624","PackageCache"
"0166_vc_runtimeMinimum_x86.msi","C:\ProgramData\Package Cache\{E30D8B21-D82D-3211-82CC-0F0A5D1495E8}v12.0.40660\packages\vcRuntimeMinimum_x86\vc_runtimeMinimum_x86.msi","143360","PackageCache"
"0167_aspnetcore-targeting-pack-10.0.9-win-x64.msi","C:\ProgramData\Package Cache\{E504AE72-936C-4B5E-96EB-13D9F03E4A21}v80.36.53633\aspnetcore-targeting-pack-10.0.9-win-x64.msi","5480448","PackageCache"
"0168_UEPrereqSetup_x64.exe","C:\ProgramData\Package Cache\{e9d9f387-657e-40d8-8f5b-4fc1aa768343}\UEPrereqSetup_x64.exe","509416","PackageCache"
"0169_dev.msi","C:\ProgramData\Package Cache\{EA6E73B7-512D-4853-BBA5-331DAE48A6B1}v3.12.7150.0\dev.msi","393216","PackageCache"
"0170_dotnet-sdk-internal-10.0.301-servicing.26270.133-win-x64.msi","C:\ProgramData\Package Cache\{EAFC8A9F-9761-460D-A34A-D11929BBDEFA}v40.11.22621\dotnet-sdk-internal-10.0.301-servicing.26270.133-win-x64.msi","118304768","PackageCache"
"0171_WinRT Intellisense IoT - Other Languages-x86_en-us.msi","C:\ProgramData\Package Cache\{EC30B4D9-09E0-D607-CA2D-05EFE8F39C53}v10.1.19041.5609\Installers\WinRT Intellisense IoT - Other Languages-x86_en-us.msi","446464","PackageCache"
"0172_WinRT Intellisense PPI - en-us-x86_en-us.msi","C:\ProgramData\Package Cache\{ED40E403-CBE8-0CA3-5662-E8859CBFA1C0}v10.1.19041.5609\Installers\WinRT Intellisense PPI - en-us-x86_en-us.msi","446464","PackageCache"
"0173_Windows SDK for Windows Store Managed Apps Libs-x86_en-us.msi","C:\ProgramData\Package Cache\{EDD486C3-91EA-0B4E-2618-4F4885CC6945}v10.1.19041.5609\Installers\Windows SDK for Windows Store Managed Apps Libs-x86_en-us.msi","454656","PackageCache"
"0174_WinRT Intellisense PPI - Other Languages-x86_en-us.msi","C:\ProgramData\Package Cache\{EE47B659-7AF5-9302-D4A4-3204070DB9C6}v10.1.19041.5609\Installers\WinRT Intellisense PPI - Other Languages-x86_en-us.msi","446464","PackageCache"
"0175_Application Verifier arm External Package-arm_en-us.msi","C:\ProgramData\Package Cache\{EFF45DAA-D9C6-D242-802F-64D01D664406}v10.1.19041.5609\Installers\Application Verifier arm External Package-arm_en-us.msi","2273280","PackageCache"
"0176_SDK ARM Redistributables-x86_en-us.msi","C:\ProgramData\Package Cache\{EFF45DAA-D9C6-D242-802F-64D01D664406}v10.1.19041.5609\Installers\SDK ARM Redistributables-x86_en-us.msi","450560","PackageCache"
"0177_Windows SDK DirectX ARM Remote-arm_en-us.msi","C:\ProgramData\Package Cache\{EFF45DAA-D9C6-D242-802F-64D01D664406}v10.1.19041.5609\Installers\Windows SDK DirectX ARM Remote-arm_en-us.msi","405504","PackageCache"
"0178_vcredist_x86.exe","C:\ProgramData\Package Cache\{f65db027-aff3-4070-886a-0d87064aabb1}\vcredist_x86.exe","461368","PackageCache"
"0179_Windows App Certification Kit x64-x86_en-us.msi","C:\ProgramData\Package Cache\{F814F02A-ECCD-2CB1-EB70-1E330C810521}v10.1.19041.5609\Installers\Windows App Certification Kit x64-x86_en-us.msi","585728","PackageCache"
"0180_launcher.msi","C:\ProgramData\Package Cache\{F88968D7-7934-415F-910A-4C35E6528C6C}v3.12.5150.0\launcher.msi","552960","PackageCache"
"0181_LauncherPrereqSetup_x64.msi","C:\ProgramData\Package Cache\{F9C5C994-F6B9-4D75-B3E7-AD01B84073E9}v1.0.0.0\LauncherPrereqSetup_x64.msi","11530240","PackageCache"
"0182_Windows SDK ARM Desktop Tools-x86_en-us.msi","C:\ProgramData\Package Cache\{FB88CFF1-D06D-72C3-0887-53277E92DAD2}v10.1.19041.5609\Installers\Windows SDK ARM Desktop Tools-x86_en-us.msi","458752","PackageCache"
"0183_Universal CRT Tools x86-x86_en-us.msi","C:\ProgramData\Package Cache\{FC8CD9CE-8902-BB8D-F832-B33100439483}v10.1.19041.5609\Installers\Universal CRT Tools x86-x86_en-us.msi","450560","PackageCache"
"0184_7ef7a9f252a4446b579bfed741792470-x64.msi","C:\ProgramData\Package Cache\{FEBAF876-D642-46C3-859B-F4BE67545448}v81.180.53633\7ef7a9f252a4446b579bfed741792470-x64.msi","643072","PackageCache"
"0185_lib.msi","C:\ProgramData\Package Cache\{FF6D0E73-2F53-4CF9-BD2C-F144E4FA02FE}v3.12.7150.0\lib.msi","7401472","PackageCache"
"0186_py.exe","C:\ProgramData\Package Cache\23F84383AEA08F0676FED1D93A173F92DB850835\py.exe","807192","PackageCache"
"0187_VC_redist.x64.exe","C:\ProgramData\Package Cache\2E6BAE42C2842B4F558BD68099479B929BB7D910\VC_redist.x64.exe","25424536","PackageCache"
"0188_finalizer.exe","C:\ProgramData\Package Cache\3847A80310593350BE1B7D23DD77E8311CB1D92D17CE9209E3E5A597A9D184FA\finalizer.exe","1897296","PackageCache"
"0189_VC_redist.x86.exe","C:\ProgramData\Package Cache\64CE52D26D6930F5A110112487239E491AB1B1EE\VC_redist.x86.exe","13846856","PackageCache"
"0190_py.exe","C:\ProgramData\Package Cache\841C7474C4246ED91AEF32BC009B23B2243DA1AC\py.exe","807192","PackageCache"
"0191_EAP-FAST.msi","C:\Users\thibs\Downloads\0002-Realtek_WindowsDriver_1030.25.0701.2017\RTLWlanU_WindowsDriver_1030.25.0701.2017_DUA_Drv_3.00.0019.L\EAP\x64\EAP-FAST.msi","1559552","Downloads"
"0192_EAP-LEAP.msi","C:\Users\thibs\Downloads\0002-Realtek_WindowsDriver_1030.25.0701.2017\RTLWlanU_WindowsDriver_1030.25.0701.2017_DUA_Drv_3.00.0019.L\EAP\x64\EAP-LEAP.msi","836608","Downloads"
"0193_EAP-PEAP.msi","C:\Users\thibs\Downloads\0002-Realtek_WindowsDriver_1030.25.0701.2017\RTLWlanU_WindowsDriver_1030.25.0701.2017_DUA_Drv_3.00.0019.L\EAP\x64\EAP-PEAP.msi","1304064","Downloads"
"0194_EAP-FAST.msi","C:\Users\thibs\Downloads\0002-Realtek_WindowsDriver_1030.25.0701.2017\RTLWlanU_WindowsDriver_1030.25.0701.2017_DUA_Drv_3.00.0019.L\EAP\x86\EAP-FAST.msi","1559552","Downloads"
"0195_EAP-LEAP.msi","C:\Users\thibs\Downloads\0002-Realtek_WindowsDriver_1030.25.0701.2017\RTLWlanU_WindowsDriver_1030.25.0701.2017_DUA_Drv_3.00.0019.L\EAP\x86\EAP-LEAP.msi","836608","Downloads"
"0196_EAP-PEAP.msi","C:\Users\thibs\Downloads\0002-Realtek_WindowsDriver_1030.25.0701.2017\RTLWlanU_WindowsDriver_1030.25.0701.2017_DUA_Drv_3.00.0019.L\EAP\x86\EAP-PEAP.msi","1304064","Downloads"
"0197_Setup.exe","C:\Users\thibs\Downloads\0002-Realtek_WindowsDriver_1030.25.0701.2017\RTLWlanU_WindowsDriver_1030.25.0701.2017_DUA_Drv_3.00.0019.L\Setup.exe","12068128","Downloads"
"0198_master.zip","C:\Users\thibs\Downloads\archive\refs\master.zip","987119","Downloads"
"0199_Autoruns.exe","C:\Users\thibs\Downloads\Autoruns\Autoruns.exe","1758240","Downloads"
"0200_Autoruns64.exe","C:\Users\thibs\Downloads\Autoruns\Autoruns64.exe","1955248","Downloads"
"0201_Autoruns64a.exe","C:\Users\thibs\Downloads\Autoruns\Autoruns64a.exe","2078144","Downloads"
"0202_autorunsc.exe","C:\Users\thibs\Downloads\Autoruns\autorunsc.exe","718272","Downloads"
"0203_autorunsc64.exe","C:\Users\thibs\Downloads\Autoruns\autorunsc64.exe","804384","Downloads"
"0204_autorunsc64a.exe","C:\Users\thibs\Downloads\Autoruns\autorunsc64a.exe","826800","Downloads"
"0205_Install_Win11_Win10_10077_20_08282025.exe","C:\Users\thibs\Downloads\Install_Win11_Win10_10077_20_08282025\Install_Win11_Win10_10077_20_08282025.exe","5133456","Downloads"
"0206_Reborn 80000 Years c1-394 (epub).zip","C:\Users\thibs\Downloads\Lightnovels\mangabuddy-com\Reborn 80000 Years\archives\Reborn 80000 Years c1-394 (epub).zip","6326602004","Downloads"
"0207_missing_directory.zip","C:\Users\thibs\Downloads\Python-3.12.11\Python-3.12.11\Lib\test\test_importlib\namespace_pkgs\missing_directory.zip","515","Downloads"
"0208_nested_portion1.zip","C:\Users\thibs\Downloads\Python-3.12.11\Python-3.12.11\Lib\test\test_importlib\namespace_pkgs\nested_portion1.zip","556","Downloads"
"0209_top_level_portion1.zip","C:\Users\thibs\Downloads\Python-3.12.11\Python-3.12.11\Lib\test\test_importlib\namespace_pkgs\top_level_portion1.zip","332","Downloads"
"0210_ziptestdata.zip","C:\Users\thibs\Downloads\Python-3.12.11\Python-3.12.11\Lib\test\test_importlib\resources\zipdata01\ziptestdata.zip","876","Downloads"
"0211_ziptestdata.zip","C:\Users\thibs\Downloads\Python-3.12.11\Python-3.12.11\Lib\test\test_importlib\resources\zipdata02\ziptestdata.zip","698","Downloads"
"0212_zip_cp437_header.zip","C:\Users\thibs\Downloads\Python-3.12.11\Python-3.12.11\Lib\test\zip_cp437_header.zip","270","Downloads"
"0213_zipdir_backslash.zip","C:\Users\thibs\Downloads\Python-3.12.11\Python-3.12.11\Lib\test\zipdir_backslash.zip","192","Downloads"
"0214_zipdir.zip","C:\Users\thibs\Downloads\Python-3.12.11\Python-3.12.11\Lib\test\zipdir.zip","374","Downloads"
"0215_xxl.zip","C:\Users\thibs\Downloads\Python-3.12.11\Python-3.12.11\Tools\peg_generator\data\xxl.zip","18771","Downloads"
"0216_0002-Realtek_WindowsDriver_1030.25.0701.2017.zip","C:\Users\thibs\Downloads\0002-Realtek_WindowsDriver_1030.25.0701.2017.zip","52899174","Downloads"
"0217_acdsee-free.exe","C:\Users\thibs\Downloads\acdsee-free.exe","1277632","Downloads"
"0218_android-studio-panda4-patch1-windows.exe","C:\Users\thibs\Downloads\android-studio-panda4-patch1-windows.exe","1429659416","Downloads"
"0219_apache-maven-3.9.11-bin.zip","C:\Users\thibs\Downloads\apache-maven-3.9.11-bin.zip","9278421","Downloads"
"0220_archive.zip","C:\Users\thibs\Downloads\archive.zip","14907","Downloads"
"0221_Autoruns.zip","C:\Users\thibs\Downloads\Autoruns.zip","2932380","Downloads"
"0222_BlueStacks 5 Root ver.5.zip","C:\Users\thibs\Downloads\BlueStacks 5 Root ver.5.zip","11434612","Downloads"
"0223_board-game-scorekeep-main.zip","C:\Users\thibs\Downloads\board-game-scorekeep-main.zip","520756","Downloads"
"0224_boardgames_ranks_2026-03-28.zip","C:\Users\thibs\Downloads\boardgames_ranks_2026-03-28.zip","3912571","Downloads"
"0225_boardgames_ranks_2026-06-07.zip","C:\Users\thibs\Downloads\boardgames_ranks_2026-06-07.zip","3966116","Downloads"
"0226_boardgames_ranks_2026-06-11.zip","C:\Users\thibs\Downloads\boardgames_ranks_2026-06-11.zip","3969096","Downloads"
"0227_boardgames_ranks_2026-06-12.zip","C:\Users\thibs\Downloads\boardgames_ranks_2026-06-12.zip","3969466","Downloads"
"0228_boardgames_ranks_2026-06-13.zip","C:\Users\thibs\Downloads\boardgames_ranks_2026-06-13.zip","3969738","Downloads"
"0229_boardgames_ranks_2026-06-16.zip","C:\Users\thibs\Downloads\boardgames_ranks_2026-06-16.zip","3972542","Downloads"
"0230_boardgames_ranks_2026-06-18.zip","C:\Users\thibs\Downloads\boardgames_ranks_2026-06-18.zip","3974138","Downloads"
"0231_boardgames_ranks_2026-06-19.zip","C:\Users\thibs\Downloads\boardgames_ranks_2026-06-19.zip","3974663","Downloads"
"0232_boardgames_ranks_2026-06-23.zip","C:\Users\thibs\Downloads\boardgames_ranks_2026-06-23.zip","3976571","Downloads"
"0233_boardgames_ranks_2026-06-24.zip","C:\Users\thibs\Downloads\boardgames_ranks_2026-06-24.zip","3977663","Downloads"
"0234_boardgames_ranks_2026-06-25.zip","C:\Users\thibs\Downloads\boardgames_ranks_2026-06-25.zip","3978544","Downloads"
"0235_boardgames_ranks_2026-06-27.zip","C:\Users\thibs\Downloads\boardgames_ranks_2026-06-27.zip","3980550","Downloads"
"0236_boardgames_ranks_2026-06-28.zip","C:\Users\thibs\Downloads\boardgames_ranks_2026-06-28.zip","3980894","Downloads"
"0237_boardgames_ranks_2026-06-29.zip","C:\Users\thibs\Downloads\boardgames_ranks_2026-06-29.zip","3980972","Downloads"
"0238_boardgames_ranks_2026-06-30.zip","C:\Users\thibs\Downloads\boardgames_ranks_2026-06-30.zip","3981500","Downloads"
"0239_boardgames_ranks_2026-07-04.zip","C:\Users\thibs\Downloads\boardgames_ranks_2026-07-04.zip","3984179","Downloads"
"0240_boardGameScore-main (1).zip","C:\Users\thibs\Downloads\boardGameScore-main (1).zip","1522971","Downloads"
"0241_boardGameScore-main.zip","C:\Users\thibs\Downloads\boardGameScore-main.zip","1522971","Downloads"
"0242_BraveBrowserSetup-BRV010.exe","C:\Users\thibs\Downloads\BraveBrowserSetup-BRV010.exe","1276768","Downloads"
"0243_cdbxp_setup_4.5.8.7128_x64_minimal.exe","C:\Users\thibs\Downloads\cdbxp_setup_4.5.8.7128_x64_minimal.exe","5491832","Downloads"
"0244_Character_tray.zip","C:\Users\thibs\Downloads\Character_tray.zip","3035430","Downloads"
"0245_Claude Setup.exe","C:\Users\thibs\Downloads\Claude Setup.exe","6942880","Downloads"
"0246_claude-code-main.zip","C:\Users\thibs\Downloads\claude-code-main.zip","11749024","Downloads"
"0247_claude-cookbooks-main.zip","C:\Users\thibs\Downloads\claude-cookbooks-main.zip","165765329","Downloads"
"0248_Claude-Setup-x64.exe","C:\Users\thibs\Downloads\Claude-Setup-x64.exe","125253456","Downloads"
"0249_ebkr-r2modman-3.2.3.zip","C:\Users\thibs\Downloads\ebkr-r2modman-3.2.3.zip","255452916","Downloads"
"0250_eskiceminiature_heritiers-de-tiberius-et-guide-de-survie_2025-07-12_2226.zip","C:\Users\thibs\Downloads\eskiceminiature_heritiers-de-tiberius-et-guide-de-survie_2025-07-12_2226.zip","26558959","Downloads"
"0251_Family Orc KruelBuoy - 28mm by Eskice Miniature.zip","C:\Users\thibs\Downloads\Family Orc KruelBuoy - 28mm by Eskice Miniature.zip","76166315","Downloads"
"0252_FileZilla_3.70.6_win64_sponsored2-setup.exe","C:\Users\thibs\Downloads\FileZilla_3.70.6_win64_sponsored2-setup.exe","13148888","Downloads"
"0253_FTPRush-Setup.exe","C:\Users\thibs\Downloads\FTPRush-Setup.exe","4027064","Downloads"
"0254_game-dashboard-main.zip","C:\Users\thibs\Downloads\game-dashboard-main.zip","4439990","Downloads"
"0255_Gargoyle+status+(empty+for+smoke+machine).zip","C:\Users\thibs\Downloads\Gargoyle+status+(empty+for+smoke+machine).zip","12764149","Downloads"
"0256_Gmail.zip","C:\Users\thibs\Downloads\Gmail.zip","1191251","Downloads"
"0257_httrack-3.49.2.exe","C:\Users\thibs\Downloads\httrack-3.49.2.exe","4199216","Downloads"
"0258_hwi_844x.exe","C:\Users\thibs\Downloads\hwi_844x.exe","20465680","Downloads"
"0259_hwi64_844 (1).exe","C:\Users\thibs\Downloads\hwi64_844 (1).exe","20465680","Downloads"
"0260_hwi64_844.exe","C:\Users\thibs\Downloads\hwi64_844.exe","20465680","Downloads"
"0261_ideaIC-2023.3.8.exe","C:\Users\thibs\Downloads\ideaIC-2023.3.8.exe","582842296","Downloads"
"0262_ideaIU-2025.2.3.exe","C:\Users\thibs\Downloads\ideaIU-2025.2.3.exe","1422992448","Downloads"
"0263_Install_Win11_Win10_10077_20_08282025.zip","C:\Users\thibs\Downloads\Install_Win11_Win10_10077_20_08282025.zip","4940753","Downloads"
"0264_jdk-17.0.12_windows-x64_bin.exe","C:\Users\thibs\Downloads\jdk-17.0.12_windows-x64_bin.exe","161394296","Downloads"
"0265_jdk-21_windows-x64_bin.msi","C:\Users\thibs\Downloads\jdk-21_windows-x64_bin.msi","171122688","Downloads"
"0266_jdk-25_windows-x64_bin.msi","C:\Users\thibs\Downloads\jdk-25_windows-x64_bin.msi","189849600","Downloads"
"0267_lncrawl.exe","C:\Users\thibs\Downloads\lncrawl.exe","54782772","Downloads"
"0268_Mansions_of_Madness.zip","C:\Users\thibs\Downloads\Mansions_of_Madness.zip","9559244","Downloads"
"0269_mb_bios_b460m-ds3h_8acmlv07_f8a.zip","C:\Users\thibs\Downloads\mb_bios_b460m-ds3h_8acmlv07_f8a.zip","10024690","Downloads"
"0270_mini_installer.exe","C:\Users\thibs\Downloads\mini_installer.exe","151590400","Downloads"
"0271_node-v22.19.0-x64.msi","C:\Users\thibs\Downloads\node-v22.19.0-x64.msi","31375360","Downloads"
"0272_node-v24.7.0-x64.msi","C:\Users\thibs\Downloads\node-v24.7.0-x64.msi","32202752","Downloads"
"0273_nvm-setup.exe","C:\Users\thibs\Downloads\nvm-setup.exe","5612296","Downloads"
"0274_OllamaSetup.exe","C:\Users\thibs\Downloads\OllamaSetup.exe","735951200","Downloads"
"0275_OnVUE-25.16.77.exe","C:\Users\thibs\Downloads\OnVUE-25.16.77.exe","96636840","Downloads"
"0276_openvpn (1).zip","C:\Users\thibs\Downloads\openvpn (1).zip","4318","Downloads"
"0277_openvpn.zip","C:\Users\thibs\Downloads\openvpn.zip","4776","Downloads"
"0278_OperaGXSetup.exe","C:\Users\thibs\Downloads\OperaGXSetup.exe","3761440","Downloads"
"0279_paint.net.5.1.11.install.anycpu.web.zip","C:\Users\thibs\Downloads\paint.net.5.1.11.install.anycpu.web.zip","636514","Downloads"
"0280_paris-balard-main (1).zip","C:\Users\thibs\Downloads\paris-balard-main (1).zip","98958","Downloads"
"0281_paris-balard-main.zip","C:\Users\thibs\Downloads\paris-balard-main.zip","92031","Downloads"
"0282_pct_free_easeus.exe","C:\Users\thibs\Downloads\pct_free_easeus.exe","82333320","Downloads"
"0283_pct_free_installer_20250920.17583855889867b6520.exe","C:\Users\thibs\Downloads\pct_free_installer_20250920.17583855889867b6520.exe","1526472","Downloads"
"0284_postgresql-18.0-2-windows-x64.exe","C:\Users\thibs\Downloads\postgresql-18.0-2-windows-x64.exe","371925856","Downloads"
"0285_prusa3d_win_2_9_4.exe","C:\Users\thibs\Downloads\prusa3d_win_2_9_4.exe","93972104","Downloads"
"0286_qbittorrent_5.1.0_x64_setup.exe","C:\Users\thibs\Downloads\qbittorrent_5.1.0_x64_setup.exe","41318799","Downloads"
"0287_Raider+Shelters+–+Inspired+by+Arc+Raiders.zip","C:\Users\thibs\Downloads\Raider+Shelters+–+Inspired+by+Arc+Raiders.zip","76233573","Downloads"
"0288_Rotary-20260531T094921Z-3-001.zip","C:\Users\thibs\Downloads\Rotary-20260531T094921Z-3-001.zip","307232309","Downloads"
"0289_Septembre 2025 3D pack  by Eskice Miniature.zip","C:\Users\thibs\Downloads\Septembre 2025 3D pack  by Eskice Miniature.zip","1687642526","Downloads"
"0290_Setup_CPWI.exe","C:\Users\thibs\Downloads\Setup_CPWI.exe","22063560","Downloads"
"0291_ShadowPCSetup.exe","C:\Users\thibs\Downloads\ShadowPCSetup.exe","160222328","Downloads"
"0292_skills-main.zip","C:\Users\thibs\Downloads\skills-main.zip","3680196","Downloads"
"0293_svgtopng (1).zip","C:\Users\thibs\Downloads\svgtopng (1).zip","34466","Downloads"
"0294_Tales Of Demons Gods c1-501 (json).zip","C:\Users\thibs\Downloads\Tales Of Demons Gods c1-501 (json).zip","649224","Downloads"
"0295_Thunderstore Mod Manager - Installer.exe","C:\Users\thibs\Downloads\Thunderstore Mod Manager - Installer.exe","2180024","Downloads"
"0296_Welcome pack by Eskice Miniature for Tipeee & Patreon.zip","C:\Users\thibs\Downloads\Welcome pack by Eskice Miniature for Tipeee & Patreon.zip","109903265","Downloads"
"0297_xel_artbook.zip","C:\Users\thibs\Downloads\xel_artbook.zip","63029626","Downloads"
"0298_101e618.msi","C:\Windows\Installer\101e618.msi","19857408","WindowsInstaller"
"0299_101e61a.msi","C:\Windows\Installer\101e61a.msi","19857408","WindowsInstaller"
"0300_105468e.msp","C:\Windows\Installer\105468e.msp","588660736","WindowsInstaller"
"0301_1054841.msi","C:\Windows\Installer\1054841.msi","173727744","WindowsInstaller"
"0302_105485b.msi","C:\Windows\Installer\105485b.msi","3853824","WindowsInstaller"
"0303_109c82b.msi","C:\Windows\Installer\109c82b.msi","32874496","WindowsInstaller"
"0304_109c835.msi","C:\Windows\Installer\109c835.msi","154390528","WindowsInstaller"
"0305_109cb09.msp","C:\Windows\Installer\109cb09.msp","606351360","WindowsInstaller"
"0306_109d04d.msi","C:\Windows\Installer\109d04d.msi","223141888","WindowsInstaller"
"0307_109dbde.msi","C:\Windows\Installer\109dbde.msi","284274688","WindowsInstaller"
"0308_109de69.msi","C:\Windows\Installer\109de69.msi","258605056","WindowsInstaller"
"0309_1132d15.msi","C:\Windows\Installer\1132d15.msi","14020608","WindowsInstaller"
"0310_122305.msi","C:\Windows\Installer\122305.msi","14020608","WindowsInstaller"
"0311_12afff.msp","C:\Windows\Installer\12afff.msp","490733568","WindowsInstaller"
"0312_12d372.msi","C:\Windows\Installer\12d372.msi","27131904","WindowsInstaller"
"0313_12d378.msi","C:\Windows\Installer\12d378.msi","798720","WindowsInstaller"
"0314_12d37f.msi","C:\Windows\Installer\12d37f.msi","733184","WindowsInstaller"
"0315_12d38b.msi","C:\Windows\Installer\12d38b.msi","29794304","WindowsInstaller"
"0316_133d986.msi","C:\Windows\Installer\133d986.msi","14024704","WindowsInstaller"
"0317_1397c3.msi","C:\Windows\Installer\1397c3.msi","3833856","WindowsInstaller"
"0318_1397c9.msi","C:\Windows\Installer\1397c9.msi","446464","WindowsInstaller"
"0319_1397cf.msi","C:\Windows\Installer\1397cf.msi","450560","WindowsInstaller"
"0320_1397d5.msi","C:\Windows\Installer\1397d5.msi","585728","WindowsInstaller"
"0321_1397db.msi","C:\Windows\Installer\1397db.msi","512000","WindowsInstaller"
"0322_1397e1.msi","C:\Windows\Installer\1397e1.msi","450560","WindowsInstaller"
"0323_1397e7.msi","C:\Windows\Installer\1397e7.msi","450560","WindowsInstaller"
"0324_1397ed.msi","C:\Windows\Installer\1397ed.msi","462848","WindowsInstaller"
"0325_1397f3.msi","C:\Windows\Installer\1397f3.msi","462848","WindowsInstaller"
"0326_1397f9.msi","C:\Windows\Installer\1397f9.msi","462848","WindowsInstaller"
"0327_1397ff.msi","C:\Windows\Installer\1397ff.msi","454656","WindowsInstaller"
"0328_139805.msi","C:\Windows\Installer\139805.msi","528384","WindowsInstaller"
"0329_13980b.msi","C:\Windows\Installer\13980b.msi","462848","WindowsInstaller"
"0330_139811.msi","C:\Windows\Installer\139811.msi","458752","WindowsInstaller"
"0331_139817.msi","C:\Windows\Installer\139817.msi","913408","WindowsInstaller"
"0332_13981d.msi","C:\Windows\Installer\13981d.msi","454656","WindowsInstaller"
"0333_139823.msi","C:\Windows\Installer\139823.msi","466944","WindowsInstaller"
"0334_139829.msi","C:\Windows\Installer\139829.msi","450560","WindowsInstaller"
"0335_13982f.msi","C:\Windows\Installer\13982f.msi","450560","WindowsInstaller"
"0336_139838.msi","C:\Windows\Installer\139838.msi","479232","WindowsInstaller"
"0337_13983e.msi","C:\Windows\Installer\13983e.msi","577536","WindowsInstaller"
"0338_139844.msi","C:\Windows\Installer\139844.msi","450560","WindowsInstaller"
"0339_13984a.msi","C:\Windows\Installer\13984a.msi","450560","WindowsInstaller"
"0340_139850.msi","C:\Windows\Installer\139850.msi","479232","WindowsInstaller"
"0341_139856.msi","C:\Windows\Installer\139856.msi","454656","WindowsInstaller"
"0342_13985c.msi","C:\Windows\Installer\13985c.msi","495616","WindowsInstaller"
"0343_139862.msi","C:\Windows\Installer\139862.msi","446464","WindowsInstaller"
"0344_139868.msi","C:\Windows\Installer\139868.msi","446464","WindowsInstaller"
"0345_13986e.msi","C:\Windows\Installer\13986e.msi","446464","WindowsInstaller"
"0346_139874.msi","C:\Windows\Installer\139874.msi","446464","WindowsInstaller"
"0347_13987a.msi","C:\Windows\Installer\13987a.msi","450560","WindowsInstaller"
"0348_139880.msi","C:\Windows\Installer\139880.msi","450560","WindowsInstaller"
"0349_139886.msi","C:\Windows\Installer\139886.msi","454656","WindowsInstaller"
"0350_13988c.msi","C:\Windows\Installer\13988c.msi","462848","WindowsInstaller"
"0351_139892.msi","C:\Windows\Installer\139892.msi","454656","WindowsInstaller"
"0352_139898.msi","C:\Windows\Installer\139898.msi","471040","WindowsInstaller"
"0353_13989e.msi","C:\Windows\Installer\13989e.msi","450560","WindowsInstaller"
"0354_1398a4.msi","C:\Windows\Installer\1398a4.msi","1044480","WindowsInstaller"
"0355_1398aa.msi","C:\Windows\Installer\1398aa.msi","548864","WindowsInstaller"
"0356_1398b0.msi","C:\Windows\Installer\1398b0.msi","454656","WindowsInstaller"
"0357_1398b6.msi","C:\Windows\Installer\1398b6.msi","450560","WindowsInstaller"
"0358_1398bc.msi","C:\Windows\Installer\1398bc.msi","450560","WindowsInstaller"
"0359_1398c2.msi","C:\Windows\Installer\1398c2.msi","458752","WindowsInstaller"
"0360_1398c8.msi","C:\Windows\Installer\1398c8.msi","544768","WindowsInstaller"
"0361_1398ce.msi","C:\Windows\Installer\1398ce.msi","606208","WindowsInstaller"
"0362_1398d4.msi","C:\Windows\Installer\1398d4.msi","446464","WindowsInstaller"
"0363_1398da.msi","C:\Windows\Installer\1398da.msi","446464","WindowsInstaller"
"0364_1398e0.msi","C:\Windows\Installer\1398e0.msi","827392","WindowsInstaller"
"0365_1398e6.msi","C:\Windows\Installer\1398e6.msi","528384","WindowsInstaller"
"0366_1398ec.msi","C:\Windows\Installer\1398ec.msi","475136","WindowsInstaller"
"0367_1398f2.msi","C:\Windows\Installer\1398f2.msi","450560","WindowsInstaller"
"0368_1398f8.msi","C:\Windows\Installer\1398f8.msi","528384","WindowsInstaller"
"0369_1398fe.msi","C:\Windows\Installer\1398fe.msi","471040","WindowsInstaller"
"0370_139904.msi","C:\Windows\Installer\139904.msi","450560","WindowsInstaller"
"0371_13990a.msi","C:\Windows\Installer\13990a.msi","524288","WindowsInstaller"
"0372_139910.msi","C:\Windows\Installer\139910.msi","450560","WindowsInstaller"
"0373_139916.msi","C:\Windows\Installer\139916.msi","458752","WindowsInstaller"
"0374_13991c.msi","C:\Windows\Installer\13991c.msi","450560","WindowsInstaller"
"0375_139922.msi","C:\Windows\Installer\139922.msi","466944","WindowsInstaller"
"0376_139928.msi","C:\Windows\Installer\139928.msi","450560","WindowsInstaller"
"0377_13992e.msi","C:\Windows\Installer\13992e.msi","528384","WindowsInstaller"
"0378_13993c.msi","C:\Windows\Installer\13993c.msi","212992","WindowsInstaller"
"0379_139952.msi","C:\Windows\Installer\139952.msi","212992","WindowsInstaller"
"0380_13996a.msi","C:\Windows\Installer\13996a.msi","204800","WindowsInstaller"
"0381_13997f.msi","C:\Windows\Installer\13997f.msi","204800","WindowsInstaller"
"0382_14fc12.msp","C:\Windows\Installer\14fc12.msp","602054656","WindowsInstaller"
"0383_1597b51.msi","C:\Windows\Installer\1597b51.msi","1687552","WindowsInstaller"
"0384_1597b57.msi","C:\Windows\Installer\1597b57.msi","618496","WindowsInstaller"
"0385_1597b5d.msi","C:\Windows\Installer\1597b5d.msi","307200","WindowsInstaller"
"0386_1597b63.msi","C:\Windows\Installer\1597b63.msi","8441856","WindowsInstaller"
"0387_1597b69.msi","C:\Windows\Installer\1597b69.msi","3731456","WindowsInstaller"
"0388_1597b6f.msi","C:\Windows\Installer\1597b6f.msi","9445376","WindowsInstaller"
"0389_1597b75.msi","C:\Windows\Installer\1597b75.msi","217088","WindowsInstaller"
"0390_1597b7b.msi","C:\Windows\Installer\1597b7b.msi","3538944","WindowsInstaller"
"0391_1597b81.msi","C:\Windows\Installer\1597b81.msi","258048","WindowsInstaller"
"0392_15c4a6.msi","C:\Windows\Installer\15c4a6.msi","2605056","WindowsInstaller"
"0393_1628cf2.msi","C:\Windows\Installer\1628cf2.msi","30392832","WindowsInstaller"
"0394_1628e3b.msi","C:\Windows\Installer\1628e3b.msi","17020416","WindowsInstaller"
"0395_1628ecf.msi","C:\Windows\Installer\1628ecf.msi","32943616","WindowsInstaller"
"0396_16ce41.msp","C:\Windows\Installer\16ce41.msp","32333824","WindowsInstaller"
"0397_18b267.msi","C:\Windows\Installer\18b267.msi","53248","WindowsInstaller"
"0398_1ac2f.msi","C:\Windows\Installer\1ac2f.msi","25254400","WindowsInstaller"
"0399_1b95cd8.msi","C:\Windows\Installer\1b95cd8.msi","14028800","WindowsInstaller"
"0400_1ba272e.msi","C:\Windows\Installer\1ba272e.msi","2048000","WindowsInstaller"
"0401_1ba2734.msi","C:\Windows\Installer\1ba2734.msi","761856","WindowsInstaller"
"0402_1ba273a.msi","C:\Windows\Installer\1ba273a.msi","397312","WindowsInstaller"
"0403_1ba2740.msi","C:\Windows\Installer\1ba2740.msi","7458816","WindowsInstaller"
"0404_1ba2746.msi","C:\Windows\Installer\1ba2746.msi","5705728","WindowsInstaller"
"0405_1ba274c.msi","C:\Windows\Installer\1ba274c.msi","5963776","WindowsInstaller"
"0406_1ba2752.msi","C:\Windows\Installer\1ba2752.msi","3584000","WindowsInstaller"
"0407_1ba2758.msi","C:\Windows\Installer\1ba2758.msi","294912","WindowsInstaller"
"0408_1ceee0.msp","C:\Windows\Installer\1ceee0.msp","575660032","WindowsInstaller"
"0409_1da1c4.msi","C:\Windows\Installer\1da1c4.msi","204800","WindowsInstaller"
"0410_1da1ca.msi","C:\Windows\Installer\1da1ca.msi","204800","WindowsInstaller"
"0411_1dc067.msi","C:\Windows\Installer\1dc067.msi","1703936","WindowsInstaller"
"0412_1dc07b.msi","C:\Windows\Installer\1dc07b.msi","573440","WindowsInstaller"
"0413_1dc123.msi","C:\Windows\Installer\1dc123.msi","303104","WindowsInstaller"
"0414_1dc579.msi","C:\Windows\Installer\1dc579.msi","9039872","WindowsInstaller"
"0415_1dca23.msi","C:\Windows\Installer\1dca23.msi","3670016","WindowsInstaller"
"0416_1dca2f.msi","C:\Windows\Installer\1dca2f.msi","8994816","WindowsInstaller"
"0417_1dcaa0.msi","C:\Windows\Installer\1dcaa0.msi","208896","WindowsInstaller"
"0418_1dd076.msi","C:\Windows\Installer\1dd076.msi","3526656","WindowsInstaller"
"0419_1dd080.msi","C:\Windows\Installer\1dd080.msi","258048","WindowsInstaller"
"0420_1e6ac14.msi","C:\Windows\Installer\1e6ac14.msi","160088064","WindowsInstaller"
"0421_2216fd.msi","C:\Windows\Installer\2216fd.msi","204800","WindowsInstaller"
"0422_221712.msi","C:\Windows\Installer\221712.msi","204800","WindowsInstaller"
"0423_22172a.msi","C:\Windows\Installer\22172a.msi","212992","WindowsInstaller"
"0424_221740.msi","C:\Windows\Installer\221740.msi","212992","WindowsInstaller"
"0425_245c9.msp","C:\Windows\Installer\245c9.msp","311496704","WindowsInstaller"
"0426_248dad.msi","C:\Windows\Installer\248dad.msi","235520","WindowsInstaller"
"0427_248db1.msi","C:\Windows\Installer\248db1.msi","227328","WindowsInstaller"
"0428_24ffde9.msi","C:\Windows\Installer\24ffde9.msi","1063424","WindowsInstaller"
"0429_2583e6.msi","C:\Windows\Installer\2583e6.msi","40198144","WindowsInstaller"
"0430_261ebb5.msi","C:\Windows\Installer\261ebb5.msi","8437760","WindowsInstaller"
"0431_26bfd2.msi","C:\Windows\Installer\26bfd2.msi","2770944","WindowsInstaller"
"0432_26bfd9.msi","C:\Windows\Installer\26bfd9.msi","3186176","WindowsInstaller"
"0433_26d9743.msi","C:\Windows\Installer\26d9743.msi","8441856","WindowsInstaller"
"0434_28c1037.msp","C:\Windows\Installer\28c1037.msp","612315136","WindowsInstaller"
"0435_29c3315.msi","C:\Windows\Installer\29c3315.msi","8437760","WindowsInstaller"
"0436_2a7468.msi","C:\Windows\Installer\2a7468.msi","372728832","WindowsInstaller"
"0437_2a74af.msi","C:\Windows\Installer\2a74af.msi","372728832","WindowsInstaller"
"0438_2bf5567.msi","C:\Windows\Installer\2bf5567.msi","8437760","WindowsInstaller"
"0439_2bf5627.msi","C:\Windows\Installer\2bf5627.msi","14045184","WindowsInstaller"
"0440_2c5a05.msi","C:\Windows\Installer\2c5a05.msi","113164288","WindowsInstaller"
"0441_2f11ff.msi","C:\Windows\Installer\2f11ff.msi","151552","WindowsInstaller"
"0442_2f1203.msi","C:\Windows\Installer\2f1203.msi","151552","WindowsInstaller"
"0443_2f1207.msi","C:\Windows\Installer\2f1207.msi","151552","WindowsInstaller"
"0444_2f120b.msi","C:\Windows\Installer\2f120b.msi","151552","WindowsInstaller"
"0445_2f15f2.msp","C:\Windows\Installer\2f15f2.msp","651636736","WindowsInstaller"
"0446_2f15f9.msi","C:\Windows\Installer\2f15f9.msi","167014400","WindowsInstaller"
"0447_2f45711.msi","C:\Windows\Installer\2f45711.msi","1110016","WindowsInstaller"
"0448_2f45719.msi","C:\Windows\Installer\2f45719.msi","1036288","WindowsInstaller"
"0449_2f4571f.msi","C:\Windows\Installer\2f4571f.msi","29458432","WindowsInstaller"
"0450_2f45725.msi","C:\Windows\Installer\2f45725.msi","5173248","WindowsInstaller"
"0451_2f4572b.msi","C:\Windows\Installer\2f4572b.msi","4980736","WindowsInstaller"
"0452_2f45731.msi","C:\Windows\Installer\2f45731.msi","10944512","WindowsInstaller"
"0453_2f45737.msi","C:\Windows\Installer\2f45737.msi","5480448","WindowsInstaller"
"0454_2f4573d.msi","C:\Windows\Installer\2f4573d.msi","30158848","WindowsInstaller"
"0455_2f45743.msi","C:\Windows\Installer\2f45743.msi","6209536","WindowsInstaller"
"0456_2f45749.msi","C:\Windows\Installer\2f45749.msi","3706880","WindowsInstaller"
"0457_2f4574f.msi","C:\Windows\Installer\2f4574f.msi","118304768","WindowsInstaller"
"0458_2f45755.msi","C:\Windows\Installer\2f45755.msi","716800","WindowsInstaller"
"0459_2f4575b.msi","C:\Windows\Installer\2f4575b.msi","716800","WindowsInstaller"
"0460_2f45761.msi","C:\Windows\Installer\2f45761.msi","716800","WindowsInstaller"
"0461_2f45767.msi","C:\Windows\Installer\2f45767.msi","716800","WindowsInstaller"
"0462_2f4576d.msi","C:\Windows\Installer\2f4576d.msi","638976","WindowsInstaller"
"0463_2f45773.msi","C:\Windows\Installer\2f45773.msi","716800","WindowsInstaller"
"0464_2f45779.msi","C:\Windows\Installer\2f45779.msi","651264","WindowsInstaller"
"0465_2f4577f.msi","C:\Windows\Installer\2f4577f.msi","638976","WindowsInstaller"
"0466_2f45785.msi","C:\Windows\Installer\2f45785.msi","638976","WindowsInstaller"
"0467_2f4578b.msi","C:\Windows\Installer\2f4578b.msi","638976","WindowsInstaller"
"0468_2f45791.msi","C:\Windows\Installer\2f45791.msi","638976","WindowsInstaller"
"0469_2f45797.msi","C:\Windows\Installer\2f45797.msi","638976","WindowsInstaller"
"0470_2f4579d.msi","C:\Windows\Installer\2f4579d.msi","643072","WindowsInstaller"
"0471_2f457a3.msi","C:\Windows\Installer\2f457a3.msi","643072","WindowsInstaller"
"0472_2f457a9.msi","C:\Windows\Installer\2f457a9.msi","643072","WindowsInstaller"
"0473_2f457af.msi","C:\Windows\Installer\2f457af.msi","643072","WindowsInstaller"
"0474_31ec1.msi","C:\Windows\Installer\31ec1.msi","827392","WindowsInstaller"
"0475_32831.msi","C:\Windows\Installer\32831.msi","12584960","WindowsInstaller"
"0476_334815.msi","C:\Windows\Installer\334815.msi","143360","WindowsInstaller"
"0477_334835.msi","C:\Windows\Installer\334835.msi","143360","WindowsInstaller"
"0478_34685.msi","C:\Windows\Installer\34685.msi","495616","WindowsInstaller"
"0479_3468b.msi","C:\Windows\Installer\3468b.msi","1396736","WindowsInstaller"
"0480_34691.msi","C:\Windows\Installer\34691.msi","311296","WindowsInstaller"
"0481_34697.msi","C:\Windows\Installer\34697.msi","2060288","WindowsInstaller"
"0482_3469d.msi","C:\Windows\Installer\3469d.msi","18100224","WindowsInstaller"
"0483_346a3.msi","C:\Windows\Installer\346a3.msi","22147072","WindowsInstaller"
"0484_346a9.msi","C:\Windows\Installer\346a9.msi","18798163","WindowsInstaller"
"0485_39bb1c.msi","C:\Windows\Installer\39bb1c.msi","160873773","WindowsInstaller"
"0486_39e2f0.msi","C:\Windows\Installer\39e2f0.msi","1559552","WindowsInstaller"
"0487_39e2f6.msi","C:\Windows\Installer\39e2f6.msi","1304064","WindowsInstaller"
"0488_39e2fc.msi","C:\Windows\Installer\39e2fc.msi","836608","WindowsInstaller"
"0489_3b421.msi","C:\Windows\Installer\3b421.msi","888320","WindowsInstaller"
"0490_3d8bd6.msp","C:\Windows\Installer\3d8bd6.msp","575578112","WindowsInstaller"
"0491_406ee4.msi","C:\Windows\Installer\406ee4.msi","27459584","WindowsInstaller"
"0492_406eea.msi","C:\Windows\Installer\406eea.msi","794624","WindowsInstaller"
"0493_406ef1.msi","C:\Windows\Installer\406ef1.msi","720896","WindowsInstaller"
"0494_406efd.msi","C:\Windows\Installer\406efd.msi","30334976","WindowsInstaller"
"0495_41bf62.msi","C:\Windows\Installer\41bf62.msi","3166208","WindowsInstaller"
"0496_41c09f.msi","C:\Windows\Installer\41c09f.msi","1437696","WindowsInstaller"
"0497_41c0a6.msi","C:\Windows\Installer\41c0a6.msi","106496","WindowsInstaller"
